{"learning_rate": 0.06334514795717971, "depth": 7, "l2_leaf_reg": 6.461529744051732, "bagging_temperature": 0.6436161577124604, "random_strength": 0.006789820573246822, "border_count": 145}