{"learning_rate": 0.06954847302345432, "max_depth": 4, "min_child_weight": 2, "subsample": 0.7294922171350375, "colsample_bytree": 0.5651098982908576, "reg_alpha": 1.7800785871358165, "reg_lambda": 2.2901200993885523e-05}